{
	"type": "object",
	"properties": {
		"eSignatureEvent": {
			"type": "object",
			"properties": {
				"eventName": {
					"description": "Event name.",
					"type": "string"
				},
				"typeCd": {
					"description": "Event type, e.g.\"PACKAGE\",\"TEMPLATE\", \"LAYOUT\".",
					"type": "string"
				},
				"statusCd": {
					"description": "Event status, e.g. \"DRAFT\", \"SENT\", \"COMPLETED\", \"ARCHIVED\", \"DECLINED\", \"OPTED_OUT\", \"EXPIRED\".",
					"type": "string"
				},
				"descriptionTxt": {
					"description": "Event description.",
					"type": "string"
				},
				"completedDttm": {
					"description": "The date time at which the event status has been set to COMPLETED.",
					"$ref": "#/definitions/dateTime"
				},
				"expiryDttm": {
					"description": "The date time at which the event is expired.",
					"$ref": "#/definitions/dateTime"
				},
				"languageCd": {
					"description": "Communication Language Code.",
					"type": "string"
				},
				"creationDttm": {
					"$ref": "#/definitions/dateTime",
					"description": ""
				},
				"initiationDttm": {
					"$ref": "#/definitions/dateTime",
					"description": ""
				},
				"inPersonInd": {
					"description": "Indicate whether it requires in-person signing.",
					"type": "boolean"
				},
				"accessibilityInd": {
					"description": "Indicate whether the package is accessible to people other than signers. Default is false.",
					"type": "boolean"
				},
				"eSignLiveExtension": {
					"type": "object",
					"properties": {
						"autoCompleteInd": {
							"description": "Controls whether the status of the signing package will be automatically set to COMPLETED.",
							"type": "boolean"
						},
						"consentDocumentId": {
							"type": "string",
							"description": ""
						},
						"emailMessageTxt": {
							"type": "string",
							"description": ""
						},
						"keyedValue": {
							"type": "array",
							"items": {
								"type": "object",
								"properties": {
									"keyName": {
										"description": "Name of additional field, This is a mandatory field, required to be non-empty string.",
										"type": "string"
									},
									"keyValue": {
										"description": "Value of additional field, This is a mandatory field, required to be non-empty string.",
										"type": "string"
									}
								},
								"required": [
									"keyName",
									"keyValue"
								]
							},
							"description": ""
						}
					},
					"description": ""
				},
				"individualToEvent": {
					"type": "array",
					"items": {
						"type": "object",
						"properties": {
							"partyEventKey": {
								"description": "Unique key identifies a party event.",
								"type": "string"
							},
							"individual": {
								"type": "object",
								"properties": {
									"partyKey": {
										"description": "Unique key identifies a party (customer).",
										"type": "string"
									},
									"statusCd": {
										"description": "Party System Status Canonical Code.",
										"type": "string"
									},
									"languageCd": {
										"description": "Communication Language Code.",
										"type": "string"
									},
									"jobClassificationCd": {
										"type": "string",
										"description": ""
									},
									"fullName": {
										"description": "Party Full Name.\r\nThe full name of the party.",
										"type": "string"
									},
									"titlePrefix": {
										"description": "Individual's Title Prefix.\r\nFor example, \"Ms.\", or \"Dr.\"",
										"type": "string"
									},
									"lastName": {
										"description": "Individual's last name.",
										"type": "string"
									},
									"firstName": {
										"description": "Individual's first name.",
										"type": "string"
									},
									"streetAddress": {
										"description": "Party Address.\r\nThis adress serves as means to discern a party from a list of parties.\r\nFor an individual, it might be the principal residence address, while\r\nfor an organization (e.g. business, financial institution, etc.) it could be head office address.",
										"type": "object",
										"properties": {
											"startDt": {
												"description": "Start Date.\r\nThe calendar day on which a LOCATOR is associated with the Entity.",
												"$ref": "#/definitions/date"
											},
											"endDt": {
												"description": "End Date.\r\nThe calendar day on which a LOCATOR ended its association with the Entity.",
												"$ref": "#/definitions/date"
											},
											"startDttm": {
												"description": "Start Date/Time.\r\nThe calendar day and time on which a LOCATOR is associated with the Entity.",
												"$ref": "#/definitions/dateTime"
											},
											"endDttm": {
												"description": "End Date/Time.\r\nThe calendar day and time on which a LOCATOR ended its association with the Entity.",
												"$ref": "#/definitions/dateTime"
											},
											"addressLine1": {
												"description": "The first line of text containing all or part of a physical site address.\r\nThis line typically contains additional recipient information.",
												"type": "string"
											},
											"addressLine2": {
												"description": "The second line of text containing all or part of a physical site address.\r\nThis line typically contains street numbers and street names.",
												"type": "string"
											},
											"addressLine3": {
												"description": "The third line of text containing all or part of a physical site address.\r\nThis line typically contains additional location numbers.",
												"type": "string"
											},
											"city": {
												"description": "Name of the City.",
												"type": "string"
											},
											"territory": {
												"description": "Province, State or territory name.",
												"type": "string"
											},
											"postalCode": {
												"description": "Postal Code, Zip code, other postal specific id.",
												"$ref": "#/definitions/token"
											},
											"country": {
												"description": "Country Name.",
												"type": "string"
											},
											"countryCd": {
												"description": "A code indicating a country.",
												"type": "string"
											}
										}
									},
									"telephoneNumber": {
										"description": "Party Telephone Number.\r\nA set of digits that represent the entire telephone number.\r\nFor an individual, it might be the main contact, while\r\nfor an organization (e.g. business, financial institution, etc.) it could be head office phone number.",
										"type": "object",
										"properties": {
											"telephoneNum": {
												"description": "Telephone Number. A set of digits that represent the entire telephone number. The number of digits varies by country. This could be derived from the individual attributes of the telephone number parts contained in this entity. The individual elements of a telephone number are split out in separate attributes. However, due to number portability the phone number elements are becoming less useful as the area code and exchange number elements of a ported number no longer identify an area or an exchange.",
												"type": "string"
											},
											"countryCodeNum": {
												"description": "A set of digits in a telephone number that represent the country. The number of digits varies by country.\r\nIf present, then it MUST contain the parsed-out countryCodeNum.",
												"type": "string"
											},
											"areaCodeNum": {
												"description": "A set of digits in a telephone number that represent the area code. The number of digits may vary by country. Due to number portability the phone number elements are becoming less useful as the area code and exchange number elements of a ported number no longer identify an area or an exchange.\r\nIf present, then it MUST contain the parsed-out areaCodeNum.",
												"type": "string"
											},
											"exchangeNum": {
												"description": "A set of digits in a telephone number that represent a central office exchange. The number of digits may vary by country. Due to number portability the phone number elements are becoming less useful as the area code and exchange number elements of a ported number no longer identify an area or an exchange.\r\nIf present, then it MUST contain the parsed-out exchangeNum.",
												"type": "string"
											},
											"lineNum": {
												"description": "A set of digits in a telephone number that represent the line number from the central office. The number of digits may vary by country.\r\nIf present, then it MUST contain the parsed-out lineNum.",
												"type": "string"
											},
											"extensionNum": {
												"description": "The extension for the phone. This may be null if no extension applies to this number.\r\nIf present, then it MUST contain the parsed-out extensionNum.",
												"type": "string"
											}
										}
									},
									"emailAddress": {
										"type": "object",
										"properties": {
											"text": {
												"description": "The entire electronic address text string.",
												"type": "string"
											},
											"domainName": {
												"description": "The name of the registered InterNIC (Internet Network Information Center in the US) domain such as: AOL, Microsoft, Earthlink, etc.",
												"type": "string"
											}
										},
										"description": ""
									},
									"creationDttm": {
										"$ref": "#/definitions/dateTime",
										"description": ""
									},
									"lastUpdateDttm": {
										"$ref": "#/definitions/dateTime",
										"description": ""
									},
									"eSignLiveExtension": {
										"type": "object",
										"properties": {
											"activateDttm": {
												"description": "Date time at which the person's status has been set to ACTIVE.",
												"$ref": "#/definitions/dateTime"
											},
											"lockDttm": {
												"description": "The date time at which the person has been locked.",
												"$ref": "#/definitions/dateTime"
											},
											"organizationName": {
												"description": "Company this person reprents.",
												"type": "string"
											},
											"delegateInd": {
												"description": "Flag whether a sender has delegated some credentials or privileges.",
												"type": "boolean"
											},
											"specialTypeCd": {
												"description": "Special user types. E.g. NOTARY",
												"type": "array",
												"items": {
													"description": "Special user types. E.g. NOTARY",
													"type": "string"
												}
											},
											"signature": {
												"type": "object",
												"properties": {
													"signatureContent": {
														"$ref": "#/definitions/base64Binary",
														"description": ""
													},
													"signatureStyle": {
														"type": "object",
														"properties": {
															"colorCd": {
																"description": "The signature's color.",
																"type": "string"
															},
															"fontCd": {
																"description": "The signature's font.",
																"type": "string"
															}
														},
														"required": [
															"colorCd",
															"fontCd"
														],
														"description": "Textual Signature Style."
													}
												},
												"required": [
													"signatureContent",
													"signatureStyle"
												],
												"description": ""
											},
											"externalKeyedValue": {
												"type": "array",
												"items": {
													"type": "object",
													"properties": {
														"keyName": {
															"description": "Name of additional field, This is a mandatory field, required to be non-empty string.",
															"type": "string"
														},
														"keyValue": {
															"description": "Value of additional field, This is a mandatory field, required to be non-empty string.",
															"type": "string"
														},
														"externalSystem": {
															"type": "object",
															"properties": {
																"systemId": {
																	"description": "System that provides the additional attribute.",
																	"type": "string"
																},
																"systemName": {
																	"type": "string",
																	"description": ""
																}
															},
															"required": [
																"systemId",
																"systemName"
															],
															"description": ""
														}
													},
													"required": [
														"keyName",
														"keyValue"
													]
												},
												"description": ""
											},
											"keyedValue": {
												"type": "array",
												"items": {
													"type": "object",
													"properties": {
														"keyName": {
															"description": "Name of additional field, This is a mandatory field, required to be non-empty string.",
															"type": "string"
														},
														"keyValue": {
															"description": "Value of additional field, This is a mandatory field, required to be non-empty string.",
															"type": "string"
														}
													},
													"required": [
														"keyName",
														"keyValue"
													]
												},
												"description": ""
											}
										},
										"description": ""
									}
								},
								"required": [
									"lastName",
									"firstName",
									"emailAddress"
								],
								"description": "Either Sender or Signer."
							},
							"roleCd": {
								"description": "Role type, Enum: \"SIGNER\" \"SENDER\".",
								"type": "string"
							},
							"indexCnt": {
								"description": "Signing sequence of the person in one package. Only applicable if the role type shows as SIGNER.",
								"type": "integer"
							},
							"requiredAttachment": {
								"description": "Documents that require a signer to attach to a Package.",
								"type": "array",
								"items": {
									"type": "object",
									"properties": {
										"attachmentName": {
											"description": "Name of the attached document.",
											"type": "string"
										},
										"attachmentDesc": {
											"description": "Description of the attached document.",
											"type": "string"
										},
										"requiredInd": {
											"description": "To indicate the attachment is mandatory or not.",
											"type": "boolean"
										},
										"commentTxt": {
											"description": "Comment on the attached document.",
											"type": "string"
										},
										"attachmentTxt": {
											"description": "Additional free-form text on the attached document.",
											"type": "string"
										}
									},
									"required": [
										"attachmentName",
										"attachmentDesc",
										"requiredInd"
									]
								}
							},
							"authentication": {
								"type": "object",
								"properties": {
									"authenticationMethodTypeCd": {
										"description": "Type of Authentication. Possible values: Email,SMS, Challenge.",
										"type": "string"
									},
									"challenge": {
										"type": "array",
										"items": {
											"type": "object",
											"properties": {
												"maskInd": {
													"description": "Indicate whether input needs to be masked.",
													"type": "boolean"
												},
												"questionTxt": {
													"description": "Question used to challenge user.",
													"type": "string"
												},
												"answerTxt": {
													"description": "Answer used to authenticate user.",
													"type": "string"
												}
											}
										},
										"description": ""
									}
								},
								"description": "Different options to authenticate user in the package."
							},
							"eSignLiveExtension": {
								"type": "object",
								"properties": {
									"roleName": {
										"type": "string",
										"description": ""
									},
									"emailMessageTxt": {
										"type": "string",
										"description": ""
									},
									"lockInd": {
										"type": "boolean",
										"description": ""
									},
									"specialTypeCd": {
										"description": "Special user types. E.g. NOTARY",
										"type": "array",
										"items": {
											"description": "Special user types. E.g. NOTARY",
											"type": "string"
										}
									},
									"keyedValue": {
										"type": "array",
										"items": {
											"type": "object",
											"properties": {
												"keyName": {
													"description": "Name of additional field, This is a mandatory field, required to be non-empty string.",
													"type": "string"
												},
												"keyValue": {
													"description": "Value of additional field, This is a mandatory field, required to be non-empty string.",
													"type": "string"
												}
											},
											"required": [
												"keyName",
												"keyValue"
											]
										},
										"description": ""
									}
								},
								"description": ""
							},
							"documentToSigner": {
								"type": "array",
								"items": {
									"type": "object",
									"properties": {
										"partyEventDocumentKey": {
											"type": "string",
											"description": ""
										},
										"indexCnt": {
											"description": "Signing sequence of documents for a particular person.",
											"type": "integer"
										},
										"documentName": {
											"description": "It is used as key to document within the package.",
											"type": "string"
										},
										"documentItemToSigner": {
											"type": "array",
											"items": {
												"type": "object",
												"properties": {
													"documentItemName": {
														"description": "Name of the document item.",
														"type": "string"
													},
													"typeCd": {
														"description": "Type of the document item.",
														"type": "string"
													},
													"subtypeCd": {
														"description": "Sub Type of the document item.",
														"type": "string"
													},
													"leftMeas": {
														"description": "Left coordinate of the field in the document.",
														"$ref": "#/definitions/decimal"
													},
													"topMeas": {
														"description": "Top coordinate of the field in the document.",
														"$ref": "#/definitions/decimal"
													},
													"widthMeas": {
														"description": "The width (in pixels) of the signature field.",
														"$ref": "#/definitions/decimal"
													},
													"heightMeas": {
														"description": "The height (in pixels) of the signature field.",
														"$ref": "#/definitions/decimal"
													},
													"pageNum": {
														"description": "The page number where the field resides (zero-based numbering).",
														"type": "string"
													},
													"autoFieldVal": {
														"description": "Used to set a value of an auto-field. An auto-field is a form field for which the value can be set at runtime.",
														"type": "string"
													},
													"eSignLiveExtension": {
														"type": "object",
														"properties": {
															"autoFieldBindingCd": {
																"description": "Used to set the type of auto-field. An auto-field is a form field for which the value can be set at runtime.",
																"type": "string"
															},
															"extractInd": {
																"description": "Controls whether the approval is extracted from form field in a PDF or using a text anchor.",
																"type": "boolean"
															},
															"extractAnchor": {
																"type": "object",
																"properties": {
																	"anchorPointCd": {
																		"description": "Position of the anchor used to extract the field.Enum: \"TOPLEFT\" \"TOPRIGHT\" \"BOTTOMLEFT\" \"BOTTOMRIGHT\".",
																		"type": "string"
																	},
																	"characterIndexCnt": {
																		"description": "The index of the character within the anchor text that will be used to calculate the position.",
																		"type": "integer"
																	},
																	"indexCnt": {
																		"description": "The occurrence of the string, for instance with a value of 2 will skip the first two occurrence of anchor text, and use the third occurrence to calculate the position.",
																		"type": "integer"
																	},
																	"leftOffsetCnt": {
																		"description": "An absolute offset applied to the final x value.",
																		"type": "integer"
																	},
																	"topOffsetCnt": {
																		"description": "An absolute offset applied to the final y value.",
																		"type": "integer"
																	},
																	"widthCnt": {
																		"description": "The width of the field position to be calculated.",
																		"type": "integer"
																	},
																	"heightCnt": {
																		"description": "The height of the field position to be calculated.",
																		"type": "integer"
																	},
																	"valueTxt": {
																		"description": "The exact string that will be searched for in the uploaded document.",
																		"type": "string"
																	}
																},
																"required": [
																	"anchorPointCd",
																	"characterIndexCnt",
																	"indexCnt"
																],
																"description": ""
															},
															"fieldValidation": {
																"type": "object",
																"properties": {
																	"validValueTxt": {
																		"description": "Possible values carried by the field.",
																		"type": "array",
																		"items": {
																			"description": "Possible values carried by the field.",
																			"type": "string"
																		}
																	},
																	"maximumLengthCnt": {
																		"description": "Maximum length for the field.",
																		"type": "integer"
																	},
																	"minimumLengthCnt": {
																		"description": "Maximum length for the field.",
																		"type": "integer"
																	},
																	"patternTxt": {
																		"description": "Pattern to match for the field validation.",
																		"type": "string"
																	},
																	"requireInd": {
																		"description": "Indicate this field is mandatory.",
																		"type": "boolean"
																	},
																	"errorCode": {
																		"description": "An error code to be returned.",
																		"type": "string"
																	},
																	"errorMessageTxt": {
																		"description": "An error message to be returned.",
																		"type": "string"
																	}
																},
																"description": ""
															},
															"keyedValue": {
																"type": "array",
																"items": {
																	"type": "object",
																	"properties": {
																		"keyName": {
																			"description": "Name of additional field, This is a mandatory field, required to be non-empty string.",
																			"type": "string"
																		},
																		"keyValue": {
																			"description": "Value of additional field, This is a mandatory field, required to be non-empty string.",
																			"type": "string"
																		}
																	},
																	"required": [
																		"keyName",
																		"keyValue"
																	]
																},
																"description": ""
															}
														},
														"description": ""
													}
												}
											},
											"description": ""
										}
									},
									"required": [
										"documentName"
									]
								},
								"description": ""
							}
						},
						"required": [
							"individual",
							"roleCd"
						]
					},
					"minItems": 1,
					"description": ""
				},
				"eventText": {
					"type": "array",
					"items": {
						"type": "object",
						"properties": {
							"eventTxt": {
								"description": "Message contents.",
								"type": "string"
							},
							"typeCd": {
								"description": "\"NEW\",\"READ\",\"TRASHED\"",
								"type": "string"
							},
							"relatedDocumentId": {
								"description": "Documents that the message is applicable to.",
								"type": "array",
								"items": {
									"description": "Documents that the message is applicable to.",
									"type": "string"
								}
							},
							"eventTextSourcePartyKey": {
								"description": "User that the message is possiblysent from.",
								"type": "string"
							},
							"eventTextTargetPartyKey": {
								"description": "User that the message is possibly sent to.",
								"type": "array",
								"items": {
									"description": "User that the message is possibly sent to.",
									"type": "string"
								},
								"minItems": 1
							},
							"creationDttm": {
								"$ref": "#/definitions/dateTime",
								"description": ""
							}
						},
						"required": [
							"eventTxt",
							"typeCd",
							"eventTextSourcePartyKey",
							"eventTextTargetPartyKey"
						]
					},
					"description": ""
				},
				"document": {
					"description": "Documents as part of this signature package.",
					"type": "array",
					"items": {
						"type": "object",
						"properties": {
							"documentId": {
								"description": "Unique identifier of document.",
								"type": "string"
							},
							"documentName": {
								"type": "string",
								"description": ""
							},
							"statusCd": {
								"type": "string",
								"description": ""
							},
							"descriptionTxt": {
								"type": "string",
								"description": ""
							},
							"sizeMeas": {
								"description": "Document size in bytes.",
								"$ref": "#/definitions/decimal"
							},
							"documentContent": {
								"$ref": "#/definitions/base64Binary",
								"description": ""
							},
							"creationDttm": {
								"$ref": "#/definitions/dateTime",
								"description": ""
							},
							"initiationDttm": {
								"$ref": "#/definitions/dateTime",
								"description": ""
							},
							"eSignLiveExtension": {
								"type": "object",
								"properties": {
									"extractInd": {
										"description": "Flags whether a document has been extracted.",
										"type": "boolean"
									},
									"signedHashVal": {
										"description": "Calculated hash after signing.",
										"type": "string"
									},
									"externalKeyedValue": {
										"type": "array",
										"items": {
											"type": "object",
											"properties": {
												"keyName": {
													"description": "Name of additional field, This is a mandatory field, required to be non-empty string.",
													"type": "string"
												},
												"keyValue": {
													"description": "Value of additional field, This is a mandatory field, required to be non-empty string.",
													"type": "string"
												},
												"externalSystem": {
													"type": "object",
													"properties": {
														"systemId": {
															"description": "System that provides the additional attribute.",
															"type": "string"
														},
														"systemName": {
															"type": "string",
															"description": ""
														}
													},
													"required": [
														"systemId",
														"systemName"
													],
													"description": ""
												}
											},
											"required": [
												"keyName",
												"keyValue"
											]
										},
										"description": ""
									},
									"keyedValue": {
										"type": "array",
										"items": {
											"type": "object",
											"properties": {
												"keyName": {
													"description": "Name of additional field, This is a mandatory field, required to be non-empty string.",
													"type": "string"
												},
												"keyValue": {
													"description": "Value of additional field, This is a mandatory field, required to be non-empty string.",
													"type": "string"
												}
											},
											"required": [
												"keyName",
												"keyValue"
											]
										},
										"description": ""
									}
								},
								"description": ""
							}
						},
						"required": [
							"documentName",
							"documentContent"
						]
					},
					"minItems": 1
				}
			},
			"required": [
				"eventName",
				"individualToEvent",
				"document"
			],
			"description": ""
		}
	},
	"required": [
		"eSignatureEvent"
	],
	"definitions": {
		"anyURI": {
			"description": "anyURI represents a Uniform Resource Identifier Reference (URI). An anyURI value can be absolute or relative, and may have an optional fragment identifier (i.e., it may be a URI Reference). This type should be used to specify the intention that the value fulfills the role of a URI as defined by [RFC 2396], as amended by [RFC 2732].",
			"type": "string",
			"format": "uri"
		},
		"base64Binary": {
			"description": "base64Binary represents Base64-encoded arbitrary binary data. The ·value space· of base64Binary is the set of finite-length sequences of binary octets. For base64Binary data the entire binary stream is encoded using the Base64 Alphabet in [RFC 2045].",
			"type": "string"
		},
		"date": {
			"description": "The ·value space· of date consists of top-open intervals of exactly one day in length on the timelines of dateTime, beginning on the beginning moment of each day (in each timezone), i.e. '00:00:00', up to but not including '24:00:00' (which is identical with '00:00:00' of the next day). For nontimezoned values, the top-open intervals disjointly cover the nontimezoned timeline, one per day. For timezoned values, the intervals begin at every minute and therefore overlap.",
			"type": "string"
		},
		"dateTime": {
			"description": "dateTime values may be viewed as objects with integer-valued year, month, day, hour and minute properties, a decimal-valued second property, and a boolean timezoned property. Each such object also has one decimal-valued method or computed property, timeOnTimeline, whose value is always a decimal number; the values are dimensioned in seconds, the integer 0 is 0001-01-01T00:00:00 and the value of timeOnTimeline for other dateTime values is computed using the Gregorian algorithm as modified for leap-seconds. The timeOnTimeline values form two related \"timelines\", one for timezoned values and one for non-timezoned values. Each timeline is a copy of the ·value space· of decimal, with integers given units of seconds.",
			"type": "string",
			"format": "date-time"
		},
		"decimal": {
			"description": " decimal represents a subset of the real numbers, which can be represented by decimal numerals. The ·value space· of decimal is the set of numbers that can be obtained by multiplying an integer by a non-positive power of ten, i.e., expressible as i × 10^-n where i and n are integers and n >= 0. Precision is not reflected in this value space; the number 2.0 is not distinct from the number 2.00. The ·order-relation· on decimal is the order relation on real numbers, restricted to this subset.",
			"type": "number"
		},
		"gYearMonth": {
			"description": "gYearMonth represents a specific gregorian month in a specific gregorian year. The ·value space· of gYearMonth is the set of Gregorian calendar months as defined in § 5.2.1 of [ISO 8601]. Specifically, it is a set of one-month long, non-periodic instances e.g. 1999-10 to represent the whole month of 1999-10, independent of how many days this month has.",
			"type": "string"
		},
		"hexBinary": {
			"description": "hexBinary represents arbitrary hex-encoded binary data. The ·value space· of hexBinary is the set of finite-length sequences of binary octets. hexBinary has a lexical representation where each binary octet is encoded as a character tuple, consisting of two hexadecimal digits ([0-9a-fA-F]) representing the octet code.",
			"type": "string"
		},
		"normalizedString": {
			"description": "normalizedString represents white space normalized strings. The ·value space· of normalizedString is the set of strings that do not contain the carriage return (#xD), line feed (#xA) nor tab (#x9) characters. The ·lexical space· of normalizedString is the set of strings that do not contain the carriage return (#xD), line feed (#xA) nor tab (#x9) characters. The ·base type· of normalizedString is string.",
			"type": "string"
		},
		"time": {
			"description": "time represents an instant of time that recurs every day. The ·value space· of time is the space of time of day values as defined in § 5.3 of [ISO 8601]. Specifically, it is a set of zero-duration daily time instances. The lexical representation for time is the left truncated lexical representation for dateTime: hh:mm:ss.sss with optional following time zone indicator. For example, to indicate 1:20 pm for Eastern Standard Time which is 5 hours behind Coordinated Universal Time (UTC), one would write: 13:20:00-05:00. See also ISO 8601.",
			"type": "string"
		},
		"token": {
			"description": "token represents tokenized strings. The ·value space· of token is the set of strings that do not contain the carriage return (#xD), line feed (#xA) nor tab (#x9) characters, that have no leading or trailing spaces (#x20) and that have no internal sequences of two or more spaces. The ·lexical space· of token is the set of strings that do not contain the carriage return (#xD), line feed (#xA) nor tab (#x9) characters, that have no leading or trailing spaces (#x20) and that have no internal sequences of two or more spaces. The ·base type· of token is normalizedString.",
			"allOf": [
				{
					"$ref": "#/definitions/normalizedString"
				}
			]
		},
		"unsignedInt": {
			"description": "unsignedInt is ·derived· from unsignedLong by setting the value of ·maxInclusive· to be 4294967295.",
			"allOf": [
				{
					"$ref": "#/definitions/unsignedLong"
				},
				{
					"maximum": 4294967295
				}
			]
		},
		"unsignedLong": {
			"description": "unsignedLong is ·derived· from integer by setting the minimum to zero, and the maxInclusive to be 18446744073709551615.",
			"type": "integer",
			"minimum": 0,
			"maximum": 18446744073709551615
		}
	}
}