{
	"type": "object",
	"properties": {
		"multiUseSessionToken": {
			"description": "An new eSignLive session token for a given package signer. This is only to be shared among sessions.",
			"type": "string"
		}
	},
	"definitions": {
		"anyURI": {
			"description": "anyURI represents a Uniform Resource Identifier Reference (URI). An anyURI value can be absolute or relative, and may have an optional fragment identifier (i.e., it may be a URI Reference). This type should be used to specify the intention that the value fulfills the role of a URI as defined by [RFC 2396], as amended by [RFC 2732].",
			"type": "string",
			"format": "uri"
		},
		"base64Binary": {
			"description": "base64Binary represents Base64-encoded arbitrary binary data. The ·value space· of base64Binary is the set of finite-length sequences of binary octets. For base64Binary data the entire binary stream is encoded using the Base64 Alphabet in [RFC 2045].",
			"type": "string"
		},
		"date": {
			"description": "The ·value space· of date consists of top-open intervals of exactly one day in length on the timelines of dateTime, beginning on the beginning moment of each day (in each timezone), i.e. '00:00:00', up to but not including '24:00:00' (which is identical with '00:00:00' of the next day). For nontimezoned values, the top-open intervals disjointly cover the nontimezoned timeline, one per day. For timezoned values, the intervals begin at every minute and therefore overlap.",
			"type": "string"
		},
		"dateTime": {
			"description": "dateTime values may be viewed as objects with integer-valued year, month, day, hour and minute properties, a decimal-valued second property, and a boolean timezoned property. Each such object also has one decimal-valued method or computed property, timeOnTimeline, whose value is always a decimal number; the values are dimensioned in seconds, the integer 0 is 0001-01-01T00:00:00 and the value of timeOnTimeline for other dateTime values is computed using the Gregorian algorithm as modified for leap-seconds. The timeOnTimeline values form two related \"timelines\", one for timezoned values and one for non-timezoned values. Each timeline is a copy of the ·value space· of decimal, with integers given units of seconds.",
			"type": "string",
			"format": "date-time"
		},
		"decimal": {
			"description": " decimal represents a subset of the real numbers, which can be represented by decimal numerals. The ·value space· of decimal is the set of numbers that can be obtained by multiplying an integer by a non-positive power of ten, i.e., expressible as i × 10^-n where i and n are integers and n >= 0. Precision is not reflected in this value space; the number 2.0 is not distinct from the number 2.00. The ·order-relation· on decimal is the order relation on real numbers, restricted to this subset.",
			"type": "number"
		},
		"gYearMonth": {
			"description": "gYearMonth represents a specific gregorian month in a specific gregorian year. The ·value space· of gYearMonth is the set of Gregorian calendar months as defined in § 5.2.1 of [ISO 8601]. Specifically, it is a set of one-month long, non-periodic instances e.g. 1999-10 to represent the whole month of 1999-10, independent of how many days this month has.",
			"type": "string"
		},
		"hexBinary": {
			"description": "hexBinary represents arbitrary hex-encoded binary data. The ·value space· of hexBinary is the set of finite-length sequences of binary octets. hexBinary has a lexical representation where each binary octet is encoded as a character tuple, consisting of two hexadecimal digits ([0-9a-fA-F]) representing the octet code.",
			"type": "string"
		},
		"normalizedString": {
			"description": "normalizedString represents white space normalized strings. The ·value space· of normalizedString is the set of strings that do not contain the carriage return (#xD), line feed (#xA) nor tab (#x9) characters. The ·lexical space· of normalizedString is the set of strings that do not contain the carriage return (#xD), line feed (#xA) nor tab (#x9) characters. The ·base type· of normalizedString is string.",
			"type": "string"
		},
		"time": {
			"description": "time represents an instant of time that recurs every day. The ·value space· of time is the space of time of day values as defined in § 5.3 of [ISO 8601]. Specifically, it is a set of zero-duration daily time instances. The lexical representation for time is the left truncated lexical representation for dateTime: hh:mm:ss.sss with optional following time zone indicator. For example, to indicate 1:20 pm for Eastern Standard Time which is 5 hours behind Coordinated Universal Time (UTC), one would write: 13:20:00-05:00. See also ISO 8601.",
			"type": "string"
		},
		"token": {
			"description": "token represents tokenized strings. The ·value space· of token is the set of strings that do not contain the carriage return (#xD), line feed (#xA) nor tab (#x9) characters, that have no leading or trailing spaces (#x20) and that have no internal sequences of two or more spaces. The ·lexical space· of token is the set of strings that do not contain the carriage return (#xD), line feed (#xA) nor tab (#x9) characters, that have no leading or trailing spaces (#x20) and that have no internal sequences of two or more spaces. The ·base type· of token is normalizedString.",
			"allOf": [
				{
					"$ref": "#/definitions/normalizedString"
				}
			]
		},
		"unsignedInt": {
			"description": "unsignedInt is ·derived· from unsignedLong by setting the value of ·maxInclusive· to be 4294967295.",
			"allOf": [
				{
					"$ref": "#/definitions/unsignedLong"
				},
				{
					"maximum": 4294967295
				}
			]
		},
		"unsignedLong": {
			"description": "unsignedLong is ·derived· from integer by setting the minimum to zero, and the maxInclusive to be 18446744073709551615.",
			"type": "integer",
			"minimum": 0,
			"maximum": 18446744073709551615
		}
	}
}