{
	"eSignatureEvent": {
		"eventId": "IEROEEWGE267",
		"eventName": "PackageWithDocuments",
		"typeCd": "PACKAGE",
		"statusCd": "DRAFT",
		"descriptionTxt": "String",
		"completedDttm": "2017-01-05T00:50:41.171Z",
		"expiryDttm": "2017-01-05T00:50:41.171Z",
		"languageCd": "String",
		"creationDttm": "2017-01-05T00:50:41.171Z",
		"initiationDttm": "2017-01-05T00:50:41.171Z",
		"lastUpdateDttm": "2017-01-05T00:50:41.171Z",
		"inPersonInd": true,
		"accessibilityInd": false,
		"eSignLiveExtension": {
			"autoCompleteInd": false,
			"consentDocumentId": "String",
			"emailMessageTxt": "String",
			"keyedValue": [
				{
					"keyName": "String",
					"keyValue": "String"
				}
			]
		},
		"individualToEvent": [
			{
				"partyEventKey": "String",
				"individual": {
					"partyKey": "String",
					"statusCd": "ACTIVE",
					"languageCd": "String",
					"jobClassificationCd": "MANAGER",
					"fullName": "String",
					"titlePrefix": "String",
					"lastName": "String",
					"firstName": "String",
					"streetAddress": {
						"addressLine1": "String",
						"addressLine2": "String",
						"city": "String",
						"territory": "String",
						"postalCode": "String",
						"country": "String"
					},
					"telephoneNumber": {
						"telephoneNum": "String",
						"countryCodeNum": "String",
						"areaCodeNum": "String",
						"exchangeNum": "String",
						"lineNum": "String",
						"extensionNum": "String"
					},
					"emailAddress": {
						"text": "String",
						"domainName": "String"
					},
					"creationDttm": "2017-01-05T00:50:41.171Z",
					"lastUpdateDttm": "2017-01-05T00:50:41.171Z",
					"indexCnt": 0,
					"requiredAttachment": [
						{
							"attachmentId": 45657676,
							"attachmentName": "attachment_sample",
							"attachmentDesc": "Attach your driver licence",
							"requiredInd": true,
							"commentTxt": "This is a sample for attachment requirement",
							"attachmentTxt": "More details about this attachment requirement",
							"statusCd": "INCOMPLET"
						}
					],
					"authentication": {
						"authenticationMethodTypeCd": "CHALLENGE",
						"challenge": [
							{
								"maskInd": true,
								"questionTxt": "favourite animal",
								"answerTxt": "cat"
							}
						]
					},
					"eSignLiveExtension": {
						"activateDttm": "2017-01-05T00:50:41.171Z",
						"lockDttm": "2017-01-05T00:50:41.171Z",
						"organizationName": "String",
						"delegateInd": false,
						"specialTypeCd": [
							"NOTARY"
						],
						"signature": {
							"signatureContent": "String",
							"signatureStyle": {
								"colorCd": "String",
								"fontCd": "String"
							}
						},
						"externalKeyedValue": [
							{
								"keyName": "String",
								"keyValue": "String",
								"externalSystem": {
									"systemId": "String",
									"systemName": "String"
								}
							}
						],
						"keyedValue": [
							{
								"keyName": "String",
								"keyValue": "String"
							}
						]
					}
				},
				"roleCd": "SIGNER",
				"eSignLiveExtension": {
					"roleName": "String",
					"emailMessageTxt": "String",
					"lockInd": false,
					"specialTypeCd": [
						"NOTARY"
					],
					"keyedValue": [
						{
							"keyName": "String",
							"keyValue": "String"
						}
					]
				},
				"documentToSigner": [
					{
						"partyEventDocumentKey": "String",
						"partyEventDocumentName": "String",
						"documentId": "46787878787",
						"documentName": "doc1_group1",
						"signedDttm": "2017-01-05T00:50:41.171Z",
						"acceptedDttm": "2017-01-05T00:50:41.171Z",
						"eSignLiveExtension": {
							"keyedValue": [
								{
									"keyName": "String",
									"keyValue": "String"
								}
							]
						},
						"documentItemToSigner": [
							{
								"documentItemId": "String",
								"documentItemName": "String",
								"typeCd": "SIGNATURE",
								"subtypeCd": "FULLNAME",
								"leftMeas": 0.0,
								"topMeas": 0.0,
								"widthMeas": 0.0,
								"heightMeas": 0.0,
								"pageNum": "String",
								"eSignLiveExtension": {
									"autoFieldBindingCd": "String",
									"autoFieldVal": "String",
									"extractInd": false,
									"extractAnchor": {
										"anchorPointCd": "TOPRIGHT",
										"characterIndexCnt": 0,
										"indexCnt": 0,
										"leftOffsetCnt": 0,
										"topOffsetCnt": 0,
										"widthCnt": 0,
										"heightCnt": 0,
										"valueTxt": "String"
									},
									"fieldValidation": {
										"validValueTxt": [
											"String"
										],
										"maximumLengthCnt": 0,
										"minimumLengthCnt": 0,
										"patternTxt": "String",
										"requireInd": false,
										"errorCode": "String",
										"errorMessageTxt": "String"
									},
									"keyedValue": [
										{
											"keyName": "String",
											"keyValue": "String"
										}
									]
								}
							}
						]
					}
				]
			}
		],
		"eventText": [
			{
				"eventTxt": "String",
				"typeCd": "NEW",
				"relatedDocumentId": [
					"String"
				],
				"eventTextSourcePartyKey": "String",
				"eventTextTargetPartyKey": [
					"String"
				],
				"creationDttm": "2017-01-05T00:50:41.171Z"
			}
		],
		"document": [
			{
				"documentId": "46787878787",
				"documentName": "doc1_group1",
				"eSignLiveExtension": {
					"extractInd": false
				}
			}
		]
	}
}