{
	"documentItem": [
		{
			"documentItemId": "String",
			"documentItemName": "String",
			"typeCd": "String",
			"subtypeCd": "String",
			"leftMeas": 0.0,
			"topMeas": 0.0,
			"widthMeas": 0.0,
			"heightMeas": 0.0,
			"pageNum": "String",
			"autoFieldVal": "String",
			"eSignLiveExtension": {
				"autoFieldBindingCd": "String",
				"extractInd": false,
				"extractAnchor": {
					"anchorPointCd": "TOPRIGHT",
					"characterIndexCnt": 0,
					"indexCnt": 0,
					"leftOffsetCnt": 0,
					"topOffsetCnt": 0,
					"widthCnt": 0,
					"heightCnt": 0,
					"valueTxt": "String"
				},
				"fieldValidation": {
					"validValueTxt": [
						"String"
					],
					"maximumLengthCnt": 0,
					"minimumLengthCnt": 0,
					"patternTxt": "String",
					"requireInd": false,
					"errorCode": "String",
					"errorMessageTxt": "String"
				},
				"keyedValue": [
					{
						"keyName": "String",
						"keyValue": "String"
					}
				]
			}
		}
	]
}