{
	"documentPackage": {
		"partyEventDocumentKey": "578889432",
		"documentId": "String",
		"documentName": "String",
		"statusCd": "String",
		"descriptionTxt": "String",
		"sizeMeas": 0.0,		
		"creationDttm": "2017-02-06T20:16:56.052Z",
		"initiationDttm": "2017-02-06T20:16:56.052Z",
		"eSignLiveExtension": {
			"extractInd": false,
			"indexCnt": 0,
			"signedHashVal": "String",
			"page": [
				{
					"pageId": "String",
					"pageNum": "String",
					"indexCnt": 0,
					"versionNum": "String",
					"leftOffsetCnt": 0,
					"topOffsetCnt": 0,
					"widthCnt": 0,
					"heightCnt": 0
				}
			],
			"documentItem": [
				{
					"documentItemId": "String",
					"documentItemName": "String",
					"typeCd": "String",
					"subtypeCd": "String",
					"leftMeas": 0.0,
					"topMeas": 0.0,
					"widthMeas": 0.0,
					"heightMeas": 0.0,
					"pageNum": "String",
					"autoFieldVal": "String",
					"eSignLiveExtension": {
						"autoFieldBindingCd": "String",
						"extractInd": false,
						"extractAnchor": {
							"anchorPointCd": "String",
							"characterIndexCnt": 0,
							"indexCnt": 0,
							"leftOffsetCnt": 0,
							"topOffsetCnt": 0,
							"widthCnt": 0,
							"heightCnt": 0,
							"valueTxt": "String"
						},
						"fieldValidation": {
							"validValueTxt": [
								"String"
							],
							"maximumLengthCnt": 0,
							"minimumLengthCnt": 0,
							"patternTxt": "String",
							"requireInd": false,
							"errorCode": "String",
							"errorMessageTxt": "String"
						},
						"keyedValue": [
							{
								"keyName": "String",
								"keyValue": "String"
							}
						]
					}
				}
			],
			"externalKeyedValue": [
				{
					"keyName": "String",
					"keyValue": "String",
					"externalSystem": {
						"systemId": "String",
						"systemName": "String"
					}
				}
			],
			"keyedValue": [
				{
					"keyName": "String",
					"keyValue": "String"
				}
			]
		}
	}
}