{
	"batchClassName": "LCP",
	"batchOption": [
		{
			"keyName": "B_TransmissionID",
			"keyValue": "VMS4QW54LUPS093962"
		},
		{
			"keyName": "B_ScannedDT",
			"keyValue": "2012-03-28-11.34.06-000"
		},
		{
			"keyName": "B_DeviceAddress",
			"keyValue": "49.27.113.93"
		},
		{
			"keyName": "B_TotalPages",
			"keyValue": "5"
		},
		{
			"keyName": "B_ScanUserID",
			"keyValue": "tstmms29"
		},
		{
			"keyName": "B_MMSID",
			"keyValue": "TSTMMS29"
		},
		{
			"keyName": "B_GroupingLabel",
			"keyValue": "Viswa Sep 15 2014 Test 1"
		},
		{
			"keyName": "B_DealNumber",
			"keyValue": ""
		},
		{
			"keyName": "B_CustomerName",
			"keyValue": ""
		},
		{
			"keyName": "B_NumDocs",
			"keyValue": "1"
		},
		{
			"keyName": "B_Comments",
			"keyValue": ""
		},
		{
			"keyName": "B_AutoSubmit",
			"keyValue": ""
		},
		{
			"keyName": "B_ProductTypeCD",
			"keyValue": "MORTGAGE"
		},
		{
			"keyName": "B_PurposeCD",
			"keyValue": "01"
		},
		{
			"keyName": "B_PropertyTypeCD",
			"keyValue": "1"
		},
		{
			"keyName": "B_EquityLendingFLG",
			"keyValue": "1"
		},
		{
			"keyName": "B_DealType",
			"keyValue": ""
		}
	],
	"metadataItem": [
		{
			"keyName": "D_Type",
			"keyValue": "Address Info"
		}
	]
}